{
  "restaurants": [
    {
      "id": 1,
      "restName": "Pizza Palace",
      "foodCategory": "Italian",
      "area": "Downtown",
      "capacity": 80,
      "numOfTable": 20,
      "seatsPerTable": 4,
      "longitude": -73.935242,
      "latitude": 40.730610,
      "image": "https://fakeimg.pl/200x100/",
      "description": "Enjoy authentic Italian pizzas with a variety of toppings in a cozy downtown setting.",
      "tables": [
        { "id": 1, "isReserved": false },
        { "id": 2, "isReserved": false },
        { "id": 3, "isReserved": false },
        { "id": 4, "isReserved": false },
        { "id": 5, "isReserved": false },
        { "id": 6, "isReserved": false },
        { "id": 7, "isReserved": false },
        { "id": 8, "isReserved": false },
        { "id": 9, "isReserved": false },
        { "id": 10, "isReserved": false },
        { "id": 11, "isReserved": false },
        { "id": 12, "isReserved": false },
        { "id": 13, "isReserved": false },
        { "id": 14, "isReserved": false },
        { "id": 15, "isReserved": false },
        { "id": 16, "isReserved": false },
        { "id": 17, "isReserved": false },
        { "id": 18, "isReserved": false },
        { "id": 19, "isReserved": false },
        { "id": 20, "isReserved": false }
      ]
    },
    {
      "id": 11,
      "restName": "Pizza Palace-2",
      "foodCategory": "Italian",
      "area": "Downtown",
      "capacity": 80,
      "numOfTable": 18,
      "seatsPerTable": 4,
      "longitude": -73.935242,
      "latitude": 40.730620,
      "image": "https://fakeimg.pl/200x100/",
      "description": "A second branch of Pizza Palace offering the same great Italian pizza experience in a modern environment.",
      "tables": [
        { "id": 1, "isReserved": false },
        { "id": 2, "isReserved": false },
        { "id": 3, "isReserved": false },
        { "id": 4, "isReserved": false },
        { "id": 5, "isReserved": false },
        { "id": 6, "isReserved": false },
        { "id": 7, "isReserved": false },
        { "id": 8, "isReserved": false },
        { "id": 9, "isReserved": false },
        { "id": 10, "isReserved": false },
        { "id": 11, "isReserved": false },
        { "id": 12, "isReserved": false },
        { "id": 13, "isReserved": false },
        { "id": 14, "isReserved": false },
        { "id": 15, "isReserved": false },
        { "id": 16, "isReserved": false },
        { "id": 17, "isReserved": false },
        { "id": 18, "isReserved": false }
      ]
    },
    {
      "id": 12,
      "restName": "Pizza Palace-3",
      "foodCategory": "Italian",
      "area": "Downtown",
      "capacity": 80,
      "numOfTable": 22,
      "seatsPerTable": 4,
      "longitude": -73.935250,
      "latitude": 40.730630,
      "image": "https://fakeimg.pl/200x100/",
      "description": "The third Pizza Palace location, offering a great selection of wood-fired pizzas and Italian classics.",
      "tables": [
        { "id": 1, "isReserved": false },
        { "id": 2, "isReserved": false },
        { "id": 3, "isReserved": false },
        { "id": 4, "isReserved": false },
        { "id": 5, "isReserved": false },
        { "id": 6, "isReserved": false },
        { "id": 7, "isReserved": false },
        { "id": 8, "isReserved": false },
        { "id": 9, "isReserved": false },
        { "id": 10, "isReserved": false },
        { "id": 11, "isReserved": false },
        { "id": 12, "isReserved": false },
        { "id": 13, "isReserved": false },
        { "id": 14, "isReserved": false },
        { "id": 15, "isReserved": false },
        { "id": 16, "isReserved": false },
        { "id": 17, "isReserved": false },
        { "id": 18, "isReserved": false },
        { "id": 19, "isReserved": false },
        { "id": 20, "isReserved": false },
        { "id": 21, "isReserved": false },
        { "id": 22, "isReserved": false }
      ]
    },
    {
      "id": 2,
      "restName": "Sizzle and Stir",
      "foodCategory": "Chinese",
      "area": "Midtown",
      "capacity": 60,
      "numOfTable": 15,
      "seatsPerTable": 4,
      "longitude": -73.935200,
      "latitude": 40.730640,
      "image": "https://fakeimg.pl/200x100/",
      "description": "Delicious Chinese dishes with fresh ingredients and bold flavors, served in a warm and vibrant setting.",
      "tables": [
        { "id": 1, "isReserved": false },
        { "id": 2, "isReserved": false },
        { "id": 3, "isReserved": false },
        { "id": 4, "isReserved": false },
        { "id": 5, "isReserved": false },
        { "id": 6, "isReserved": false },
        { "id": 7, "isReserved": false },
        { "id": 8, "isReserved": false },
        { "id": 9, "isReserved": false },
        { "id": 10, "isReserved": false },
        { "id": 11, "isReserved": false },
        { "id": 12, "isReserved": false },
        { "id": 13, "isReserved": false },
        { "id": 14, "isReserved": false },
        { "id": 15, "isReserved": false }
      ]
    },
    {
      "id": 22,
      "restName": "Sizzle and Stir-2",
      "foodCategory": "Chinese",
      "area": "Midtown",
      "capacity": 60,
      "numOfTable": 16,
      "seatsPerTable": 4,
      "longitude": -73.935210,
      "latitude": 40.730650,
      "image": "https://fakeimg.pl/200x100/",
      "description": "The second location of Sizzle and Stir, offering the same mouthwatering Chinese cuisine.",
      "tables": [
        { "id": 1, "isReserved": false },
        { "id": 2, "isReserved": false },
        { "id": 3, "isReserved": false },
        { "id": 4, "isReserved": false },
        { "id": 5, "isReserved": false },
        { "id": 6, "isReserved": false },
        { "id": 7, "isReserved": false },
        { "id": 8, "isReserved": false },
        { "id": 9, "isReserved": false },
        { "id": 10, "isReserved": false },
        { "id": 11, "isReserved": false },
        { "id": 12, "isReserved": false },
        { "id": 13, "isReserved": false },
        { "id": 14, "isReserved": false },
        { "id": 15, "isReserved": false },
        { "id": 16, "isReserved": false }
      ]
    }
  ]
}
